<SOAP-ENV:Header>
        <wsse:Security
             xmlns:wsse="http://schemas.xmlsoap.org/ws/2002/secext">
            <wsse:UsernameToken wsu:Id="WordOperatorUsernameToken">
                <wsse:Username>ATrustedPartnerWordOperator</wsse:Username>
                <wsse:Nonce>WS3Lhf6RpK...</wsse:Nonce>
                <wsu:Created>2003-06-12T09:00:00Z</wsu:Created>
            </wsse:UsernameToken>
            <ds:Signature>
                <ds:SignedInfo>
                    <ds:CanonicalizationMethod
                        Algorithm="http://www.w3.org/2001/10/xml-exc-c14n#"/>
                    <ds:SignatureMethod
                        Algorithm="http://www.w3.org/2000/09/xmldsig#hmac-sha1"/>
                    <ds:Reference URI="#DataRequest">
                        <ds:DigestMethod Algorithm="http://www.w3.org/2000/09/xmldsig#sha1"/>
                        <ds:DigestValue>WSf3LyLsGMP4kpDU...</ds:DigestValue>
                    </ds:Reference>
                </ds:SignedInfo>
                <ds:SignatureValue>Fsd2h8SsxJwkDiXlJidm5P2k...</ds:SignatureValue>
                <ds:KeyInfo>
                    <wsse:SecurityTokenReference>
                         <wsse:Reference URI="#WordOperatorUsernameToken"/>
                    </wsse:SecurityTokenReference>
                </ds:KeyInfo>
            </ds:Signature>
        </wsse:Security>
    </SOAP-ENV:Header>